drop database lekhabathikfactory;
create database lekhabathikfactory;
use lekhabathikfactory;

CREATE TABLE Employee(
	Emp_id VARCHAR(10) NOT NULL,
	Name VARCHAR(200),
	Address VARCHAR(200) ,
	Telephone VARCHAR(10),
	NIC  VARCHAR(15),
	duty VARCHAR(30) check (duty in ('Store','Cutting','Sewing 1 in','Sewing 1 out','Waxing in','Waxing out','Dyeing','DryWashing','Sewing 2','Finishing','Sales')),
	CONSTRAINT PRIMARY KEY (Emp_id)
);

CREATE TABLE Garment(
	Garment_id VARCHAR(10) NOT NULL,
	garment_name VARCHAR(200),
	in_stock INT(10),
	sewing_stipend NUMERIC(10,2) ,
	waxing_stipend NUMERIC(10,2) ,
	CONSTRAINT PRIMARY KEY (Garment_id)
);

CREATE TABLE Customer(
	Cust_id VARCHAR(10) NOT NULL,
	C_Name VARCHAR(200),
	C_Address VARCHAR(200) ,
	C_Telephone VARCHAR(10),
	C_NIC  VARCHAR(15),
	CONSTRAINT PRIMARY KEY (Cust_id)
);

CREATE TABLE Material(
	Mat_id VARCHAR(10) NOT NULL,
	Mat_name VARCHAR(200),
	Mat_type VARCHAR(30) check (Mat_type in('Dye','Wax','Thread','Cloth')),
	Mat_in_stock NUMERIC(10,2),
	CONSTRAINT PRIMARY KEY (Mat_id)
);

CREATE TABLE EmpWage(
	Emp_id VARCHAR(10) NOT NULL,
	Month INT(2) ,
	Year INT(4),
	no_of_days INT(2),
	ot_hours INT(4),
        dailywage NUMERIC(10,2),
        ot_rate NUMERIC(10,2),
        additions NUMERIC(10,2),
        deductions NUMERIC(10,2),
	CONSTRAINT PRIMARY KEY (Emp_id,Month,Year),
	CONSTRAINT FOREIGN KEY(Emp_id) REFERENCES Employee(Emp_id)
	ON DELETE CASCADE ON UPDATE CASCADE 
);

CREATE TABLE EmpSalary(
	Emp_id VARCHAR(10) NOT NULL,
	Month INT(2) ,
	Year INT(4),
	total_stipend NUMERIC(10,2),
        additions NUMERIC(10,2),
        deductions NUMERIC(10,2),
	CONSTRAINT PRIMARY KEY (Emp_id,Month,Year),
	CONSTRAINT FOREIGN KEY(Emp_id) REFERENCES Employee(Emp_id)
	ON DELETE CASCADE ON UPDATE CASCADE 
);

CREATE TABLE Piece_coverage(
	Emp_id VARCHAR(10) NOT NULL,
	Garment_id VARCHAR(10) NOT NULL,
	DateOfWork DATE NOT NULL,
	no_of_pieces INT(4),
	CONSTRAINT PRIMARY KEY (Emp_id,Garment_id,DateOfWork),
	CONSTRAINT FOREIGN KEY(Emp_id) REFERENCES Employee(Emp_id)
	ON DELETE CASCADE ON UPDATE CASCADE,
	CONSTRAINT FOREIGN KEY(Garment_id) REFERENCES Garment(Garment_id)
	ON DELETE CASCADE ON UPDATE CASCADE
);

CREATE TABLE CustomerOrder(
        order_id VARCHAR(10) NOT NULL,
        Cust_id VARCHAR(10) NOT NULL,
	Garment_id VARCHAR(10) NOT NULL,
	DateOfOrder DATE NOT NULL,
	amount INT(10),
	unit_price NUMERIC(10,2),
	CONSTRAINT PRIMARY KEY (order_id,cust_id,garment_id),
	CONSTRAINT FOREIGN KEY(Cust_id) REFERENCES Customer(Cust_id)
	ON DELETE CASCADE ON UPDATE CASCADE,
	CONSTRAINT FOREIGN KEY(Garment_id) REFERENCES Garment(Garment_id)
	ON DELETE CASCADE ON UPDATE CASCADE
);

CREATE TABLE Daily_coverage(
	Garment_id VARCHAR(10) NOT NULL,
	DateOfCover DATE NOT NULL,
	no_of_cut INT(4),
	no_of_sewn INT(4),
	no_of_dyed INT(4),
	no_of_washdry INT(4),
	no_of_sewfinish INT(4),
	no_of_finish INT(4),
	CONSTRAINT PRIMARY KEY (Garment_id,DateOfCover),
	CONSTRAINT FOREIGN KEY(Garment_id) REFERENCES Garment(Garment_id)
	ON DELETE CASCADE ON UPDATE CASCADE
);

CREATE TABLE DailyClothUsage(
	Mat_id VARCHAR(10) NOT NULL,
	Garment_id VARCHAR(10) NOT NULL,
	DateOfUse DATE NOT NULL,
	amount NUMERIC(10,2),
	no_of_pieces INT(10),
	CONSTRAINT PRIMARY KEY (Mat_id,Garment_id,DateOfUse),
	CONSTRAINT FOREIGN KEY(Mat_id) REFERENCES Material(Mat_id)
	ON DELETE CASCADE ON UPDATE CASCADE,
	CONSTRAINT FOREIGN KEY(Garment_id) REFERENCES Garment(Garment_id)
	ON DELETE CASCADE ON UPDATE CASCADE
);

CREATE TABLE DailyMaterialUsage(
	Mat_id VARCHAR(10) NOT NULL,
	DateOfUse DATE NOT NULL,
	amount NUMERIC(10,2),
	CONSTRAINT PRIMARY KEY (Mat_id,DateOfUse),
	CONSTRAINT FOREIGN KEY(Mat_id) REFERENCES Material(Mat_id)
	ON DELETE CASCADE ON UPDATE CASCADE
);

CREATE TABLE Stock(
        Stock_id VARCHAR(10) NOT NULL,
	Mat_id VARCHAR(10) NOT NULL,
	DateOfBuy DATE NOT NULL,
	amountOfBuy NUMERIC(10,2),
	unit_price NUMERIC(10,2),
	CONSTRAINT PRIMARY KEY (Stock_id),
	CONSTRAINT FOREIGN KEY(Mat_id) REFERENCES Material(Mat_id)
	ON DELETE CASCADE ON UPDATE CASCADE
);

CREATE TABLE Expense(
        Expense_id VARCHAR(10) NOT NULL,
        Expense VARCHAR(100) NOT NULL,
        DateOfExp DATE NOT NULL,
        Amount NUMERIC(10,2),
        CONSTRAINT PRIMARY KEY (Expense_id)
);

CREATE TABLE Income(
        income_id VARCHAR(10) NOT NULL,
        income VARCHAR(100) NOT NULL,
        DateOfInc DATE NOT NULL,
        Amount NUMERIC(10,2),
        CONSTRAINT PRIMARY KEY (Income_id)
); 

create table User (
        username VARCHAR(100) not null,
        password VARCHAR(400) not null,
        power int(1) not null,
        constraint PRIMARY KEY(username)
);

INSERT INTO Material values('M001','Napthol ASBO China','Dye',100);
INSERT INTO Material values('M002','Fast salt black v korea','Dye',50);
INSERT INTO Material values('M003','Fast salt red b japan','Dye',50);
INSERT INTO Material values('M004','Vat violet china','Dye',40);
INSERT INTO Material values('M005','Vat Green B U/D','Dye',40);
INSERT INTO Material values('M006','Fast salt scarlet japan','Dye',30);
INSERT INTO Material values('M007','Vat Brown R U/D','Dye',40);
INSERT INTO Material values('M008','Vat Yellow SRT China','Dye',40);
INSERT INTO Material values('M009','Vat Apple Green','Dye',40);
INSERT INTO Material values('M010','Sodium Hydro Suiphite','Dye',40);
INSERT INTO Material values('M011','C5','Cloth',500);
INSERT INTO Material values('M012','C9','Cloth',400);
INSERT INTO Material values('M013','Viscos','Cloth',200);
INSERT INTO Material values('M014','Voil','Cloth',300);
INSERT INTO Material values('M015','C20','Cloth',150);
INSERT INTO Material values('M016','inch36','Cloth',350);
INSERT INTO Material values('M017','WhiteThread','Thread',1000);
INSERT INTO Material values('M018','BlackThread','Thread',1000);
INSERT INTO Material values('M019','Paraffin','Wax',50);

INSERT INTO Customer values('C001','Gunadasa','Weligama','0712345678','123456676V');
INSERT INTO Customer values('C002','Gunapala','Colombo','0712345678','13445556V');
INSERT INTO Customer values('C003','Gunasena','Matara','0712345678','112333676V');
INSERT INTO Customer values('C004','Amarapala','Galle','0712345678','125666665V');
INSERT INTO Customer values('C005','Siridasa','Deniyaya','0712345678','54333676V');

INSERT INTO Employee values('E001','Gunadasa','Weligama','0712345678','123456676V','Store');
INSERT INTO Employee values('E002','Gunapala','Colombo','0712345678','13445556V','Cutting');
INSERT INTO Employee values('E003','Gunasena','Matara','0712345678','112333676V','Waxing in');
INSERT INTO Employee values('E004','Amarapala','Galle','0712345678','125666665V','Waxing out');
INSERT INTO Employee values('E005','Siridasa','Deniyaya','0712345678','54333676V','DryWashing');

INSERT INTO Garment values('G001','Frock-small',23,10.00,14.00);
INSERT INTO Garment values('G002','Frock-medium',13,12.00,15.00);
INSERT INTO Garment values('G003','Lungi',43,10.00,14.00);
INSERT INTO Garment values('G004','BedSheet',20,15.00,19.00);
INSERT INTO Garment values('G005','Sarong',25,10.00,14.00);
INSERT INTO Garment values('G006','Blouse-small',33,8.00,10.00);

INSERT INTO USER values('Lekha',(select password('1234')),1);
INSERT INTO USER values('Stock',(select password('1234')),2);
INSERT INTO USER values('Production',(select password('1234')),2);
INSERT INTO USER values('Sales',(select password('1234')),2);
INSERT INTO USER values('Salary',(select password('1234')),2);
INSERT INTO USER values('Nimalasena',(select password('1234')),3);
INSERT INTO USER values('Sunila',(select password('1234')),3);
INSERT INTO USER values('Nalaka',(select password('1234')),3);
INSERT INTO USER values('Gayan',(select password('1234')),3);


INSERT INTO EmpWage VALUES('E001','2','2016',25,15,12,5,2300,1200);
INSERT INTO EmpWage VALUES('E002','2','2016',24,13,13,6,2000,560);
INSERT INTO EmpWage VALUES('E005','2','2016',27,23,15,7,3000,400);

INSERT INTO EmpWage VALUES('E001','3','2016',29,10,12,5,2000,1200);
INSERT INTO EmpWage VALUES('E002','3','2016',28,13,13,6,2000,560);
INSERT INTO EmpWage VALUES('E005','3','2016',30,24,15,7,3000,400);

INSERT INTO EmpWage VALUES('E001','4','2016',29,10,12,5,2000,1200);
INSERT INTO EmpWage VALUES('E002','4','2016',28,13,13,6,2000,560);
INSERT INTO EmpWage VALUES('E005','4','2016',30,24,15,7,3000,400);

INSERT INTO EmpWage VALUES('E001','5','2016',29,10,12,5,2000,1200);
INSERT INTO EmpWage VALUES('E002','5','2016',28,13,13,6,2000,560);
INSERT INTO EmpWage VALUES('E005','5','2016',30,24,15,7,3000,400);

INSERT INTO EmpWage VALUES('E001','6','2016',14,5,0,0,0,0);
INSERT INTO EmpWage VALUES('E002','6','2016',13,7,0,0,0,0);
INSERT INTO EmpWage VALUES('E005','6','2016',14,8,0,0,0,0);



INSERT INTO EmpSalary VALUES('E003','2','2016','0','500','120');
INSERT INTO EmpSalary VALUES('E005','2','2016','0','1500','120');

INSERT INTO EmpSalary VALUES('E003','3','2016','0','400','120');
INSERT INTO EmpSalary VALUES('E005','3','2016','0','1400','100');

INSERT INTO EmpSalary VALUES('E003','4','2016','0','500','100');
INSERT INTO EmpSalary VALUES('E005','4','2016','0','1200','120');

INSERT INTO EmpSalary VALUES('E003','5','2016','0','1500','120');
INSERT INTO EmpSalary VALUES('E005','5','2016','0','1000','100');

INSERT INTO EmpSalary VALUES('E003','6','2016','0','400','100');
INSERT INTO EmpSalary VALUES('E005','6','2016','0','500','120');



INSERT INTO Piece_coverage VALUES('E003','G001','2016-03-21',5);
INSERT INTO Piece_coverage VALUES('E003','G002','2016-03-21',15);
INSERT INTO Piece_coverage VALUES('E003','G003','2016-03-21',10);
INSERT INTO Piece_coverage VALUES('E003','G004','2016-03-21',25);
INSERT INTO Piece_coverage VALUES('E003','G005','2016-03-21',30);

INSERT INTO Piece_coverage VALUES('E003','G001','2016-03-22',5);
INSERT INTO Piece_coverage VALUES('E003','G002','2016-03-22',15);
INSERT INTO Piece_coverage VALUES('E003','G003','2016-03-22',25);
INSERT INTO Piece_coverage VALUES('E003','G004','2016-03-22',13);
INSERT INTO Piece_coverage VALUES('E003','G005','2016-03-22',35);
INSERT INTO Piece_coverage VALUES('E003','G006','2016-03-22',5);

INSERT INTO Piece_coverage VALUES('E003','G001','2016-04-21',5);
INSERT INTO Piece_coverage VALUES('E003','G002','2016-04-21',15);
INSERT INTO Piece_coverage VALUES('E003','G003','2016-04-21',25);
INSERT INTO Piece_coverage VALUES('E003','G004','2016-04-21',5);

INSERT INTO Piece_coverage VALUES('E005','G001','2016-03-21',5);
INSERT INTO Piece_coverage VALUES('E005','G003','2016-03-21',15);
INSERT INTO Piece_coverage VALUES('E005','G004','2016-03-21',5);
INSERT INTO Piece_coverage VALUES('E005','G006','2016-03-21',25);

INSERT INTO Piece_coverage VALUES('E005','G002','2016-04-21',15);
INSERT INTO Piece_coverage VALUES('E005','G005','2016-04-21',5);
INSERT INTO Piece_coverage VALUES('E005','G004','2016-04-21',35);

INSERT INTO Piece_coverage VALUES('E005','G001','2016-05-21',15);
INSERT INTO Piece_coverage VALUES('E005','G003','2016-05-21',5);
INSERT INTO Piece_coverage VALUES('E005','G004','2016-05-21',25);



INSERT INTO CustomerOrder VALUES('Q001','C001','G001','2016-03-21','12','345');
INSERT INTO CustomerOrder VALUES('Q001','C001','G002','2016-03-21','10','325');
INSERT INTO CustomerOrder VALUES('Q001','C001','G003','2016-03-21','11','245');
INSERT INTO CustomerOrder VALUES('Q001','C001','G004','2016-03-21','15','345');

INSERT INTO CustomerOrder VALUES('Q002','C001','G002','2016-03-22','15','325');
INSERT INTO CustomerOrder VALUES('Q002','C001','G005','2016-03-22','13','300');
INSERT INTO CustomerOrder VALUES('Q002','C001','G006','2016-03-22','20','475');

INSERT INTO CustomerOrder VALUES('Q003','C002','G005','2016-04-21','12','325');
INSERT INTO CustomerOrder VALUES('Q003','C002','G006','2016-04-21','10','525');
INSERT INTO CustomerOrder VALUES('Q003','C002','G003','2016-04-21','16','275');
INSERT INTO CustomerOrder VALUES('Q003','C002','G002','2016-04-21','11','345');
INSERT INTO CustomerOrder VALUES('Q003','C002','G001','2016-04-21','20','355');

INSERT INTO CustomerOrder VALUES('Q004','C003','G001','2016-05-21','15','325');
INSERT INTO CustomerOrder VALUES('Q004','C003','G002','2016-05-21','20','345');
INSERT INTO CustomerOrder VALUES('Q004','C003','G004','2016-05-21','25','355');
INSERT INTO CustomerOrder VALUES('Q004','C003','G005','2016-05-21','30','295');

INSERT INTO CustomerOrder VALUES('Q005','C004','G002','2016-03-21','15','325');
INSERT INTO CustomerOrder VALUES('Q005','C004','G003','2016-03-21','22','255');
INSERT INTO CustomerOrder VALUES('Q005','C004','G006','2016-03-21','25','445');

INSERT INTO CustomerOrder VALUES('Q006','C002','G001','2016-04-21','17','345');
INSERT INTO CustomerOrder VALUES('Q006','C002','G003','2016-04-21','20','245');

INSERT INTO CustomerOrder VALUES('Q007','C001','G003','2016-06-21','10','275');
INSERT INTO CustomerOrder VALUES('Q007','C001','G004','2016-06-21','10','375');

INSERT INTO CustomerOrder VALUES('Q008','C005','G004','2016-03-21','15','345');
INSERT INTO CustomerOrder VALUES('Q008','C005','G005','2016-03-21','26','325');
INSERT INTO CustomerOrder VALUES('Q008','C005','G002','2016-03-21','30','335');



INSERT INTO Daily_coverage VALUES('G001','2016-03-21',6,7,8,12,3,4);
INSERT INTO Daily_coverage VALUES('G001','2016-03-22',16,17,18,12,13,14);
INSERT INTO Daily_coverage VALUES('G001','2016-03-23',6,17,8,12,13,4);
INSERT INTO Daily_coverage VALUES('G001','2016-04-21',16,27,8,12,3,14);
INSERT INTO Daily_coverage VALUES('G001','2016-05-21',6,17,8,12,23,4);
INSERT INTO Daily_coverage VALUES('G001','2016-06-01',16,7,18,12,3,4);

INSERT INTO Daily_coverage VALUES('G002','2016-03-21',16,7,8,12,3,4);
INSERT INTO Daily_coverage VALUES('G002','2016-03-22',6,17,8,12,3,4);
INSERT INTO Daily_coverage VALUES('G002','2016-03-23',6,7,18,12,3,4);
INSERT INTO Daily_coverage VALUES('G002','2016-04-21',6,7,8,12,13,4);
INSERT INTO Daily_coverage VALUES('G002','2016-05-21',6,7,8,12,3,14);
INSERT INTO Daily_coverage VALUES('G002','2016-06-01',6,17,18,12,3,4);

INSERT INTO Daily_coverage VALUES('G003','2016-03-21',6,17,8,12,3,4);
INSERT INTO Daily_coverage VALUES('G003','2016-03-22',16,7,8,12,3,4);
INSERT INTO Daily_coverage VALUES('G003','2016-03-23',6,7,28,12,3,4);
INSERT INTO Daily_coverage VALUES('G003','2016-04-21',6,7,8,12,13,4);
INSERT INTO Daily_coverage VALUES('G003','2016-05-21',6,7,8,12,3,14);
INSERT INTO Daily_coverage VALUES('G003','2016-06-01',6,17,8,12,3,4);

INSERT INTO Daily_coverage VALUES('G004','2016-03-21',6,7,8,12,3,4);
INSERT INTO Daily_coverage VALUES('G004','2016-03-22',6,7,8,12,3,4);
INSERT INTO Daily_coverage VALUES('G004','2016-03-23',6,7,8,12,3,4);
INSERT INTO Daily_coverage VALUES('G004','2016-04-21',6,7,8,12,3,4);
INSERT INTO Daily_coverage VALUES('G004','2016-05-21',6,7,8,12,3,4);
INSERT INTO Daily_coverage VALUES('G004','2016-06-01',6,7,8,12,3,4);

INSERT INTO Daily_coverage VALUES('G005','2016-03-21',6,7,8,12,3,4);
INSERT INTO Daily_coverage VALUES('G005','2016-03-22',6,7,8,12,3,4);
INSERT INTO Daily_coverage VALUES('G005','2016-03-23',6,7,8,12,3,4);
INSERT INTO Daily_coverage VALUES('G005','2016-04-21',6,7,8,12,3,4);
INSERT INTO Daily_coverage VALUES('G005','2016-05-21',6,7,8,12,3,4);
INSERT INTO Daily_coverage VALUES('G005','2016-06-01',6,7,8,12,3,4);

INSERT INTO Daily_coverage VALUES('G006','2016-03-21',6,7,8,12,3,4);
INSERT INTO Daily_coverage VALUES('G006','2016-03-22',6,7,8,12,3,4);
INSERT INTO Daily_coverage VALUES('G006','2016-03-23',6,7,8,12,3,4);
INSERT INTO Daily_coverage VALUES('G006','2016-04-21',6,7,8,12,3,4);
INSERT INTO Daily_coverage VALUES('G006','2016-05-21',6,7,8,12,3,4);
INSERT INTO Daily_coverage VALUES('G006','2016-06-01',6,7,8,12,3,4);



INSERT INTO DailyClothUsage VALUES('M011','G001','2016-03-21',15.4,14);
INSERT INTO DailyClothUsage VALUES('M011','G001','2016-03-22',13.4,10);
INSERT INTO DailyClothUsage VALUES('M011','G001','2016-03-25',25.4,24);
INSERT INTO DailyClothUsage VALUES('M011','G001','2016-04-21',10,8);
INSERT INTO DailyClothUsage VALUES('M011','G001','2016-05-21',14.4,11);
INSERT INTO DailyClothUsage VALUES('M011','G001','2016-05-25',15,13);
INSERT INTO DailyClothUsage VALUES('M011','G001','2016-06-15',16,15);

INSERT INTO DailyClothUsage VALUES('M012','G001','2016-03-21',15.4,14);
INSERT INTO DailyClothUsage VALUES('M012','G001','2016-03-22',16.5,16);
INSERT INTO DailyClothUsage VALUES('M012','G001','2016-03-25',21.4,20);
INSERT INTO DailyClothUsage VALUES('M012','G001','2016-04-21',15,13);
INSERT INTO DailyClothUsage VALUES('M012','G001','2016-05-21',10.4,10);
INSERT INTO DailyClothUsage VALUES('M012','G001','2016-05-25',17.4,17);
INSERT INTO DailyClothUsage VALUES('M012','G001','2016-06-15',15,13);

INSERT INTO DailyClothUsage VALUES('M013','G002','2016-03-21',5.4,4);
INSERT INTO DailyClothUsage VALUES('M013','G002','2016-03-22',13.4,14);
INSERT INTO DailyClothUsage VALUES('M013','G002','2016-03-25',15.5,15);
INSERT INTO DailyClothUsage VALUES('M013','G002','2016-04-21',25,34);
INSERT INTO DailyClothUsage VALUES('M013','G003','2016-05-21',17.4,18);
INSERT INTO DailyClothUsage VALUES('M013','G003','2016-05-25',21.4,20);
INSERT INTO DailyClothUsage VALUES('M013','G003','2016-06-15',25.4,24);

INSERT INTO DailyClothUsage VALUES('M014','G003','2016-03-21',25.4,24);
INSERT INTO DailyClothUsage VALUES('M014','G003','2016-03-22',15.4,13);
INSERT INTO DailyClothUsage VALUES('M014','G003','2016-03-25',35,35);
INSERT INTO DailyClothUsage VALUES('M014','G004','2016-04-21',21.5,20);
INSERT INTO DailyClothUsage VALUES('M014','G004','2016-05-21',15,12);
INSERT INTO DailyClothUsage VALUES('M014','G004','2016-05-25',16.4,17);
INSERT INTO DailyClothUsage VALUES('M014','G004','2016-06-15',18.4,19);

INSERT INTO DailyClothUsage VALUES('M015','G001','2016-03-21',21.4,22);
INSERT INTO DailyClothUsage VALUES('M015','G001','2016-03-22',25.4,30);
INSERT INTO DailyClothUsage VALUES('M015','G001','2016-03-25',15.4,14);
INSERT INTO DailyClothUsage VALUES('M015','G001','2016-04-21',5.4,4);
INSERT INTO DailyClothUsage VALUES('M015','G002','2016-05-21',15.4,14);
INSERT INTO DailyClothUsage VALUES('M015','G002','2016-05-25',25.4,24);
INSERT INTO DailyClothUsage VALUES('M015','G002','2016-06-15',15.4,14);

INSERT INTO DailyClothUsage VALUES('M016','G002','2016-03-21',15.4,14);
INSERT INTO DailyClothUsage VALUES('M016','G002','2016-03-22',5.4,4);
INSERT INTO DailyClothUsage VALUES('M016','G002','2016-03-25',15.4,14);
INSERT INTO DailyClothUsage VALUES('M016','G002','2016-04-21',25.4,24);
INSERT INTO DailyClothUsage VALUES('M016','G003','2016-05-21',15.4,14);
INSERT INTO DailyClothUsage VALUES('M016','G003','2016-05-25',35.4,34);
INSERT INTO DailyClothUsage VALUES('M016','G003','2016-06-15',5.4,4);

INSERT INTO DailyClothUsage VALUES('M011','G002','2016-03-21',15.4,14);
INSERT INTO DailyClothUsage VALUES('M012','G002','2016-03-22',25.4,24);
INSERT INTO DailyClothUsage VALUES('M013','G001','2016-03-25',35.4,14);
INSERT INTO DailyClothUsage VALUES('M014','G001','2016-04-21',5.4,14);
INSERT INTO DailyClothUsage VALUES('M015','G003','2016-05-21',15.4,14);
INSERT INTO DailyClothUsage VALUES('M016','G001','2016-05-25',25.4,14);



INSERT INTO DailyMaterialUsage VALUES('M001','2016-03-21',0.123);
INSERT INTO DailyMaterialUsage VALUES('M002','2016-03-22',0.123);
INSERT INTO DailyMaterialUsage VALUES('M003','2016-03-25',0.123);
INSERT INTO DailyMaterialUsage VALUES('M004','2016-03-21',0.123);
INSERT INTO DailyMaterialUsage VALUES('M005','2016-03-21',0.123);
INSERT INTO DailyMaterialUsage VALUES('M006','2016-03-21',0.123);
INSERT INTO DailyMaterialUsage VALUES('M007','2016-03-21',0.123);
INSERT INTO DailyMaterialUsage VALUES('M008','2016-03-21',0.123);
INSERT INTO DailyMaterialUsage VALUES('M009','2016-03-21',0.123);
INSERT INTO DailyMaterialUsage VALUES('M010','2016-03-21',0.123);
INSERT INTO DailyMaterialUsage VALUES('M017','2016-03-21',0.123);
INSERT INTO DailyMaterialUsage VALUES('M018','2016-03-21',0.123);
INSERT INTO DailyMaterialUsage VALUES('M019','2016-03-21',0.123);
INSERT INTO DailyMaterialUsage VALUES('M001','2016-04-21',0.123);
INSERT INTO DailyMaterialUsage VALUES('M002','2016-04-21',0.123);
INSERT INTO DailyMaterialUsage VALUES('M003','2016-04-21',0.123);
INSERT INTO DailyMaterialUsage VALUES('M004','2016-04-21',0.123);
INSERT INTO DailyMaterialUsage VALUES('M005','2016-04-21',0.123);
INSERT INTO DailyMaterialUsage VALUES('M006','2016-04-21',0.123);
INSERT INTO DailyMaterialUsage VALUES('M007','2016-04-21',0.123);
INSERT INTO DailyMaterialUsage VALUES('M008','2016-04-21',0.123);
INSERT INTO DailyMaterialUsage VALUES('M009','2016-04-21',0.123);



INSERT INTO Stock VALUES('S001','M001','2016-03-21',106,123.50);
INSERT INTO Stock VALUES('S002','M002','2016-03-21',106,123.50);
INSERT INTO Stock VALUES('S003','M003','2016-03-21',106,123.50);
INSERT INTO Stock VALUES('S004','M004','2016-03-21',106,123.50);
INSERT INTO Stock VALUES('S005','M005','2016-03-21',106,123.50);
INSERT INTO Stock VALUES('S006','M006','2016-03-21',106,123.50);
INSERT INTO Stock VALUES('S007','M007','2016-03-21',106,123.50);
INSERT INTO Stock VALUES('S008','M008','2016-03-21',106,123.50);
INSERT INTO Stock VALUES('S008','M009','2016-03-21',106,123.50);
INSERT INTO Stock VALUES('S010','M010','2016-03-21',106,123.50);
INSERT INTO Stock VALUES('S011','M011','2016-03-21',106,123.50);
INSERT INTO Stock VALUES('S012','M012','2016-03-21',106,123.50);
INSERT INTO Stock VALUES('S013','M013','2016-03-21',106,123.50);
INSERT INTO Stock VALUES('S014','M014','2016-03-21',106,123.50);
INSERT INTO Stock VALUES('S015','M015','2016-03-21',106,123.50);
INSERT INTO Stock VALUES('S016','M016','2016-03-21',106,123.50);
INSERT INTO Stock VALUES('S017','M017','2016-03-21',106,123.50);
INSERT INTO Stock VALUES('S018','M018','2016-03-21',106,123.50);
INSERT INTO Stock VALUES('S019','M019','2016-03-21',106,123.50);
INSERT INTO Stock VALUES('S020','M001','2016-04-21',106,123.50);
INSERT INTO Stock VALUES('S021','M002','2016-04-21',106,123.50);
INSERT INTO Stock VALUES('S022','M003','2016-04-21',106,123.50);
INSERT INTO Stock VALUES('S023','M011','2016-04-21',106,123.50);
INSERT INTO Stock VALUES('S024','M012','2016-04-21',106,123.50);
INSERT INTO Stock VALUES('S025','M013','2016-04-21',106,123.50);
INSERT INTO Stock VALUES('S026','M014','2016-04-21',106,123.50);
INSERT INTO Stock VALUES('S027','M015','2016-04-21',106,123.50);
INSERT INTO Stock VALUES('S028','M016','2016-04-21',106,123.50);



INSERT INTO Expense VALUES('P001','Electricity Bills','2016-03-21',1500.00);
INSERT INTO Expense VALUES('P002','Water Bills','2016-03-21',3500.00);
INSERT INTO Expense VALUES('P003','Distribution Expenses','2016-03-21',500.00);
INSERT INTO Expense VALUES('P004','Food and Drink Expenses','2016-03-21',500.00);
INSERT INTO Expense VALUES('P005','Machine Repairs','2016-03-21',550.00);

INSERT INTO Expense VALUES('P006','Electricity Bills','2016-03-22',1200.00);
INSERT INTO Expense VALUES('P007','Water Bills','2016-03-22',1500.00);
INSERT INTO Expense VALUES('P008','Distribution Expenses','2016-03-22',400.00);
INSERT INTO Expense VALUES('P009','Food and Drink Expenses','2016-03-22',700.00);
INSERT INTO Expense VALUES('P010','Machine Repairs','2016-03-22',500.00);

INSERT INTO Expense VALUES('P011','Electricity Bills','2016-04-21',1000.00);
INSERT INTO Expense VALUES('P012','Water Bills','2016-04-21',2000.00);
INSERT INTO Expense VALUES('P013','Distribution Expenses','2016-04-21',500.00);
INSERT INTO Expense VALUES('P014','Food and Drink Expenses','2016-04-21',400.00);
INSERT INTO Expense VALUES('P015','Machine Repairs','2016-04-21',300.00);

INSERT INTO Expense VALUES('P016','Electricity Bills','2016-05-21',1000.00);
INSERT INTO Expense VALUES('P017','Water Bills','2016-05-21',1000.00);
INSERT INTO Expense VALUES('P018','Distribution Expenses','2016-05-21',500.00);
INSERT INTO Expense VALUES('P019','Food and Drink Expenses','2016-05-21',100.00);
INSERT INTO Expense VALUES('P020','Machine Repairs','2016-05-21',600.00);

INSERT INTO Expense VALUES('P021','Electricity Bills','2016-06-15',1000.00);
INSERT INTO Expense VALUES('P022','Water Bills','2016-06-15',2000.00);
INSERT INTO Expense VALUES('P023','Distribution Expenses','2016-06-15',500.00);
INSERT INTO Expense VALUES('P024','Food and Drink Expenses','2016-06-15',300.00);
INSERT INTO Expense VALUES('P025','Machine Repairs','2016-06-15',100.00);


INSERT INTO Income VALUES('I001','Debts received','2016-03-21',500.00);
INSERT INTO Income VALUES('I002','Additional Income','2016-03-21',4500.00);

INSERT INTO Income VALUES('I003','Debts received','2016-03-22',2000.00);
INSERT INTO Income VALUES('I004','Additional Income','2016-03-22',1500.00);

INSERT INTO Income VALUES('I005','Debts received','2016-04-21',3000.00);
INSERT INTO Income VALUES('I006','Additional Income','2016-04-21',1000.00);

INSERT INTO Income VALUES('I007','Debts received','2016-05-21',2000.00);
INSERT INTO Income VALUES('I008','Additional Income','2016-05-21',1500.00);

INSERT INTO Income VALUES('I009','Debts received','2016-06-15',1500.00);
INSERT INTO Income VALUES('I010','Additional Income','2016-06-15',2500.00);
